City_ID,City,Country,Date,Lat,Lng,Max Temp,Humidity,Cloudiness,Wind Speed
0,Havre,FR,2022-05-13 22:31:51,49.5833,0.3333,49.77,81,0,4.61
1,Ostrovnoy,RU,2022-05-13 22:31:51,68.0531,39.5131,38.84,92,100,6.98
2,Elk Grove,US,2022-05-13 22:29:57,38.4088,-121.3716,83.89,31,0,9.22
3,Hermanus,ZA,2022-05-13 22:31:52,-34.4187,19.2345,57.79,74,49,8.05
4,Padang,ID,2022-05-13 22:31:52,-0.9492,100.3543,76.3,79,74,4.32
5,Saint-Paul,RE,2022-05-13 22:31:53,-21.0096,55.2707,69.91,67,6,4.07
6,Richmond,US,2022-05-13 22:30:55,37.5538,-77.4603,73.44,77,75,10.36
7,Tibiri,NE,2022-05-13 22:31:54,13.5627,7.0485,90.61,12,5,10.13
8,Kasganj,IN,2022-05-13 22:31:54,27.8167,78.65,87.78,25,0,6.53
9,Rio Cauto,CU,2022-05-13 22:31:54,20.5603,-76.9161,80.69,62,100,4.45
10,Cabedelo,BR,2022-05-13 22:31:55,-6.9811,-34.8339,77.67,82,88,10.18
11,Klaksvik,FO,2022-05-13 22:31:56,62.2266,-6.589,38.32,73,86,11.86
12,Cape Town,ZA,2022-05-13 22:30:45,-33.9258,18.4232,59.11,91,20,5.75
13,Kota Kinabalu,MY,2022-05-13 22:31:56,5.9749,116.0724,78.78,89,20,2.3
14,Kaeo,NZ,2022-05-13 22:31:57,-35.1,173.7833,60.33,98,72,4.94
15,Vao,NC,2022-05-13 22:31:57,-22.6667,167.4833,72.93,67,100,19.13
16,Mar Del Plata,AR,2022-05-13 22:29:17,-38.0023,-57.5575,57.87,83,100,5.99
17,Thompson,CA,2022-05-13 22:30:13,55.7435,-97.8558,37.56,87,100,21.85
18,Kochevo,RU,2022-05-13 22:31:58,59.5994,54.3125,45.99,95,100,4.52
19,Jamestown,US,2022-05-13 22:30:27,42.097,-79.2353,78.44,44,40,8.05
20,Denpasar,ID,2022-05-13 22:31:59,-8.65,115.2167,78.46,88,20,1.14
21,Nam Som,TH,2022-05-13 22:31:59,17.7704,102.1895,77.18,88,62,2.37
22,Kapaa,US,2022-05-13 22:32:00,22.0752,-159.319,82.38,74,40,13.8
23,Rikitea,PF,2022-05-13 22:32:00,-23.1203,-134.9692,77.63,72,54,19.91
24,New Norfolk,AU,2022-05-13 22:32:01,-42.7826,147.0587,52.92,88,100,2.04
25,Ancud,CL,2022-05-13 22:32:01,-41.8697,-73.8203,49.8,77,99,4.29
26,Cairo,EG,2022-05-13 22:28:17,30.0626,31.2497,74.16,43,0,11.5
27,Punta Arenas,CL,2022-05-13 22:31:19,-53.15,-70.9167,42.91,75,75,10.36
28,Santiago Del Estero,AR,2022-05-13 22:31:36,-27.7951,-64.2615,63.57,64,100,6.76
29,Port-Gentil,GA,2022-05-13 22:32:02,-0.7193,8.7815,82.36,83,75,9.22
30,Moyale,KE,2022-05-13 22:32:02,3.5167,39.0584,67.96,69,28,9.01
31,Chokurdakh,RU,2022-05-13 22:32:03,70.6333,147.9167,17.58,88,100,6.35
32,Barrow,US,2022-05-13 22:32:03,71.2906,-156.7887,19.42,86,100,12.66
33,Mataura,NZ,2022-05-13 22:32:04,-46.1927,168.8643,52.48,93,86,1.72
34,Baghmara,IN,2022-05-13 22:32:04,23.795,86.2085,85.42,58,20,7.52
35,Vaini,TO,2022-05-13 22:32:05,-21.2,-175.2,77.16,69,20,13.8
36,Saint-Philippe,RE,2022-05-13 22:32:06,-21.3585,55.7679,69.39,72,1,7.0
37,Tynda,RU,2022-05-13 22:32:06,55.1667,124.7167,43.39,72,97,5.99
38,Kajaani,FI,2022-05-13 22:32:07,64.2273,27.7285,33.85,93,0,2.3
39,Bethel,US,2022-05-13 22:32:07,41.3712,-73.414,77.85,78,100,12.66
40,Torbay,CA,2022-05-13 22:32:08,47.6666,-52.7314,46.27,84,75,5.75
41,Juneau,US,2022-05-13 22:30:14,58.3019,-134.4197,51.8,84,75,0.0
42,Formosa,AR,2022-05-13 22:32:08,-26.1775,-58.1781,69.78,78,0,4.61
43,Codrington,AU,2022-05-13 22:32:09,-38.2667,141.9667,62.74,66,100,20.31
44,Sao Filipe,CV,2022-05-13 22:32:09,14.8961,-24.4956,74.32,72,7,10.18
45,Hilo,US,2022-05-13 22:28:14,19.7297,-155.09,84.27,75,100,8.01
46,Namibe,AO,2022-05-13 22:33:10,-15.1961,12.1522,72.3,74,1,2.06
47,Atuona,PF,2022-05-13 22:33:10,-9.8,-139.0333,78.22,72,43,17.4
48,Tambura,SS,2022-05-13 22:30:21,5.6,27.4667,71.6,82,92,4.07
49,Alta Floresta,BR,2022-05-13 22:33:11,-9.8756,-56.0861,78.98,68,94,2.51
50,Ballina,AU,2022-05-13 22:33:11,-28.8667,153.5667,67.78,84,100,13.89
51,Belaya Gora,RU,2022-05-13 22:33:12,68.5333,146.4167,24.6,66,93,15.88
52,Batagay-Alyta,RU,2022-05-13 22:33:12,67.8006,130.4114,16.36,74,9,3.2
53,Yining,CN,2022-05-13 22:33:13,29.0361,114.5636,63.36,86,97,3.53
54,Khatanga,RU,2022-05-13 22:33:13,71.9667,102.5,24.22,85,100,7.67
55,Escanaba,US,2022-05-13 22:33:14,45.7453,-87.0646,82.51,63,0,11.5
56,Albany,US,2022-05-13 22:28:43,42.6001,-73.9662,83.57,51,29,4.0
57,Busselton,AU,2022-05-13 22:33:15,-33.65,115.3333,62.13,72,76,18.07
58,Bredasdorp,ZA,2022-05-13 22:33:15,-34.5322,20.0403,54.21,78,51,6.62
59,Manavalakurichi,IN,2022-05-13 22:33:16,8.1333,77.3,79.79,83,100,16.53
60,Silopi,TR,2022-05-13 22:33:16,37.2497,42.4694,58.37,41,0,3.4
61,Mumford,GH,2022-05-13 22:33:17,5.2618,-0.759,82.29,86,25,10.18
62,San Cristobal,VE,2022-05-13 22:33:17,7.7669,-72.225,77.18,84,91,3.62
63,Riyadh,SA,2022-05-13 22:29:22,24.6877,46.7219,78.94,17,0,11.03
64,Puerto Escondido,MX,2022-05-13 22:33:17,15.85,-97.0667,90.43,62,0,9.22
65,Kodiak,US,2022-05-13 22:32:45,57.79,-152.4072,49.51,37,20,23.02
66,Menongue,AO,2022-05-13 22:33:18,-14.6585,17.691,58.66,62,18,3.85
67,Grindavik,IS,2022-05-13 22:29:14,63.8424,-22.4338,40.95,65,75,10.36
68,Qui Nhon,VN,2022-05-13 22:33:19,13.7667,109.2333,80.82,82,98,2.42
69,Zhanaozen,KZ,2022-05-13 22:33:19,43.3,52.8,55.49,57,9,8.95
70,Baykit,RU,2022-05-13 22:33:20,61.67,96.37,47.53,78,22,0.76
71,Itaituba,BR,2022-05-13 22:33:20,-4.2761,-55.9836,75.45,97,48,1.77
72,East London,ZA,2022-05-13 22:30:28,-33.0153,27.9116,62.65,77,62,9.37
73,Vila Franca Do Campo,PT,2022-05-13 22:33:21,37.7167,-25.4333,64.2,90,100,7.54
74,Port Alfred,ZA,2022-05-13 22:33:21,-33.5906,26.891,58.17,88,74,3.0
75,Pevek,RU,2022-05-13 22:33:22,69.7008,170.3133,31.66,76,87,19.53
76,Puerto Ayora,EC,2022-05-13 22:33:22,-0.7393,-90.3518,80.56,89,96,1.99
77,Chuy,UY,2022-05-13 22:33:23,-33.6971,-53.4616,56.57,77,98,5.84
78,Bengkulu,ID,2022-05-13 22:33:23,-3.8004,102.2655,76.89,89,41,3.58
79,Ponta Do Sol,PT,2022-05-13 22:33:24,32.6667,-17.1,70.0,83,32,3.87
80,Nikolskoye,RU,2022-05-13 22:33:24,59.7035,30.7861,48.09,83,67,8.34
81,Hami,CN,2022-05-13 22:33:25,42.8,93.45,55.96,11,0,9.51
82,Butaritari,KI,2022-05-13 22:33:25,3.0707,172.7902,80.8,74,95,7.83
83,Adrar,MR,2022-05-13 22:33:26,20.5022,-10.0711,89.82,10,73,8.48
84,Souillac,MU,2022-05-13 22:33:27,-20.5167,57.5167,70.18,83,40,3.44
85,Tuktoyaktuk,CA,2022-05-13 22:33:27,69.4541,-133.0374,30.2,93,100,20.71
86,Necochea,AR,2022-05-13 22:33:28,-38.5473,-58.7368,51.03,68,51,7.63
87,Totskoye,RU,2022-05-13 22:33:28,52.5248,52.7623,46.56,94,80,5.97
88,Nome,US,2022-05-13 22:29:22,64.5011,-165.4064,38.16,48,0,9.22
89,Ushuaia,AR,2022-05-13 22:33:29,-54.8,-68.3,42.46,93,75,9.22
90,Yellowknife,CA,2022-05-13 22:33:29,62.456,-114.3525,61.32,31,75,9.22
91,Nanortalik,GL,2022-05-13 22:33:30,60.1432,-45.2371,30.43,78,98,3.67
92,Provideniya,RU,2022-05-13 22:33:30,64.3833,-173.3,40.86,50,2,7.25
93,Palencia,ES,2022-05-13 22:34:31,42.4167,-4.5,66.79,78,83,7.02
94,Ahipara,NZ,2022-05-13 22:34:31,-35.1667,173.1667,61.86,61,75,5.03
95,Hede,CN,2022-05-13 22:34:32,33.7681,120.2517,58.14,61,84,6.11
96,Lorengau,PG,2022-05-13 22:34:32,-2.0226,147.2712,84.42,66,43,8.05
97,Cacu,BR,2022-05-13 22:34:33,-18.5567,-51.1308,76.32,55,87,3.38
98,Marienburg,PL,2022-05-13 22:34:33,54.0359,19.0266,53.11,93,63,8.12
99,Cockburn Town,TC,2022-05-13 22:34:34,21.4612,-71.1419,78.98,85,100,23.98
100,Hobart,AU,2022-05-13 22:30:04,-42.8794,147.3294,53.28,92,75,6.91
101,Cherskiy,RU,2022-05-13 22:34:35,68.75,161.3,40.14,73,22,17.47
102,Cuamba,MZ,2022-05-13 22:34:35,-14.8031,36.5372,59.2,88,0,2.42
103,Russell,US,2022-05-13 22:34:36,32.3502,-85.1999,81.63,50,20,5.75
104,Lagunillas,VE,2022-05-13 22:34:36,10.1301,-71.2595,83.88,72,91,5.64
105,Avarua,CK,2022-05-13 22:34:37,-21.2078,-159.775,82.45,78,100,10.36
106,Porto Santo,PT,2022-05-13 22:34:37,33.072,-16.3415,66.58,82,75,4.61
107,Bluff,NZ,2022-05-13 22:34:38,-46.6,168.3333,52.81,89,89,6.76
108,Flinders,AU,2022-05-13 22:34:39,-34.5833,150.8552,68.38,91,15,5.01
109,Saskylakh,RU,2022-05-13 22:34:39,71.9167,114.0833,11.53,95,84,2.8
110,Harper,LR,2022-05-13 22:34:40,4.375,-7.7169,80.58,85,71,9.73
111,Shingu,JP,2022-05-13 22:34:40,33.7333,135.9833,71.47,93,100,3.71
112,Buala,SB,2022-05-13 22:34:41,-8.145,159.5921,84.24,71,16,2.48
113,Tuatapere,NZ,2022-05-13 22:34:41,-46.1333,167.6833,56.52,88,88,2.1
114,Huntsville,US,2022-05-13 22:34:42,34.7304,-86.5861,83.79,58,0,9.22
115,Poli,TZ,2022-05-13 22:34:42,-3.3333,36.8,62.87,88,75,16.11
116,Longyearbyen,SJ,2022-05-13 22:34:43,78.2186,15.6401,22.84,63,20,11.5
117,Arraial Do Cabo,BR,2022-05-13 22:34:43,-22.9661,-42.0278,73.26,73,0,3.44
118,Airai,TL,2022-05-13 22:34:44,-8.9266,125.4092,63.54,87,83,1.1
119,Saravan,AM,2022-05-13 22:34:44,39.7196,45.6483,39.99,54,0,5.26
120,Chapais,CA,2022-05-13 22:34:45,49.7834,-74.8492,67.78,76,92,7.25
121,Coquimbo,CL,2022-05-13 22:34:40,-29.9533,-71.3436,56.93,94,40,8.05
122,Pisco,PE,2022-05-13 22:34:45,-13.7,-76.2167,66.25,77,8,18.41
123,Port Elizabeth,ZA,2022-05-13 22:34:46,-33.918,25.5701,61.09,80,0,11.5
124,Mahanoro,MG,2022-05-13 22:34:46,-19.9,48.8,70.16,85,87,3.33
125,Hofn,IS,2022-05-13 22:34:47,64.2539,-15.2082,38.3,60,96,10.89
126,Portobelo,PA,2022-05-13 22:34:47,9.55,-79.65,86.72,79,88,4.88
127,Georgetown,MY,2022-05-13 22:31:55,5.4112,100.3354,82.33,93,20,2.3
128,Beringovskiy,RU,2022-05-13 22:34:48,63.05,179.3167,36.72,87,100,3.0
129,Ngunguru,NZ,2022-05-13 22:34:48,-35.6167,174.5,59.67,69,78,6.42
130,Esperance,AU,2022-05-13 22:34:49,-33.8667,121.9,55.04,66,71,19.37
131,Marawi,PH,2022-05-13 22:34:49,7.9986,124.2928,73.51,86,87,0.98
132,Funadhoo,MV,2022-05-13 22:34:50,6.15,73.2667,83.08,79,100,21.34
133,Bambous Virieux,MU,2022-05-13 22:34:50,-20.3428,57.7575,70.21,83,40,3.44
134,Carman,CA,2022-05-13 22:34:51,49.4992,-98.0016,55.47,71,100,32.21
135,Ballarat,AU,2022-05-13 22:34:51,-37.5662,143.8496,55.62,91,100,11.3
136,Xam Nua,LA,2022-05-13 22:35:52,20.4197,104.0439,66.76,96,23,1.97
137,Chumikan,RU,2022-05-13 22:35:52,54.7183,135.315,32.2,97,100,3.38
138,Leningradskiy,RU,2022-05-13 22:35:47,69.3833,178.4167,34.7,87,33,5.57
139,Los Aquijes,PE,2022-05-13 22:35:53,-14.0967,-75.6908,71.58,58,7,2.37
140,Buchanan,LR,2022-05-13 22:35:53,5.8808,-10.0467,79.07,88,78,3.6
141,Motala,SE,2022-05-13 22:35:54,58.5371,15.0365,49.32,85,98,14.74
142,Marsh Harbour,BS,2022-05-13 22:35:54,26.5412,-77.0636,78.01,73,53,14.23
143,Wuwei,CN,2022-05-13 22:35:55,37.9281,102.6414,42.78,76,98,0.87
144,Margate,GB,2022-05-13 22:35:56,51.3813,1.3862,53.87,81,59,3.0
145,Aksu,CN,2022-05-13 22:35:56,41.1231,80.2644,62.15,52,100,2.98
146,Roald,NO,2022-05-13 22:35:56,62.5833,6.1333,46.76,93,20,16.11
147,Dhupgari,IN,2022-05-13 22:35:57,26.5858,89.0145,74.23,95,99,6.4
148,Sitka,US,2022-05-13 22:35:26,57.0531,-135.33,49.89,71,75,12.66
149,Mao,ES,2022-05-13 22:35:57,39.8885,4.2658,61.36,94,0,1.14
150,Kieta,PG,2022-05-13 22:35:58,-6.2167,155.6333,83.64,66,28,2.42
151,Nishihara,JP,2022-05-13 22:35:58,26.1842,127.7558,74.86,97,100,14.97
152,Makakilo City,US,2022-05-13 22:35:59,21.3469,-158.0858,84.52,51,20,17.27
153,Upernavik,GL,2022-05-13 22:36:00,72.7868,-56.1549,14.27,84,22,2.28
154,San Patricio,US,2022-05-13 22:36:00,28.017,-97.5169,89.69,55,2,14.18
155,Gorontalo,ID,2022-05-13 22:36:01,0.5412,123.0595,76.41,93,100,1.48
156,Acapulco,MX,2022-05-13 22:36:02,16.8634,-99.8901,89.42,62,100,12.66
157,Port Hardy,CA,2022-05-13 22:36:02,50.6996,-127.4199,50.18,66,75,10.36
158,Huarmey,PE,2022-05-13 22:36:03,-10.0681,-78.1522,65.73,84,45,8.1
159,Opuwo,NA,2022-05-13 22:36:03,-18.0607,13.84,60.26,34,0,2.3
160,High Rock,BS,2022-05-13 22:36:03,26.6208,-78.2833,78.82,69,6,9.44
161,Tazovskiy,RU,2022-05-13 22:36:04,67.4667,78.7,34.86,95,100,6.29
162,Mollendo,PE,2022-05-13 22:36:05,-17.0231,-72.0147,63.61,84,36,6.62
163,Polje,BA,2022-05-13 22:36:05,43.8806,18.0744,58.24,93,28,0.63
164,Bati,ET,2022-05-13 22:36:06,11.1833,40.0167,72.63,33,6,5.97
165,Talnakh,RU,2022-05-13 22:36:06,69.4865,88.3972,38.21,100,100,6.78
166,Durban,ZA,2022-05-13 22:34:32,-29.8579,31.0292,67.01,91,99,1.01
167,Korla,CN,2022-05-13 22:36:07,41.7597,86.1469,64.33,31,91,7.63
168,Mount Pleasant,US,2022-05-13 22:36:07,32.7941,-79.8626,75.34,82,75,13.8
169,Savantvadi,IN,2022-05-13 22:36:08,15.9,73.8167,79.9,78,100,4.56
170,Somerset West,ZA,2022-05-13 22:36:08,-34.084,18.8211,59.05,82,61,4.32
171,Boa Vista,BR,2022-05-13 22:33:47,2.8197,-60.6733,84.18,70,40,2.3
172,Pontes E Lacerda,BR,2022-05-13 22:36:09,-15.2261,-59.3353,78.19,64,53,3.31
173,Belyy Yar,RU,2022-05-13 22:35:41,53.6039,91.3903,35.49,55,0,2.24
174,Amot,NO,2022-05-13 22:36:09,59.5714,7.9877,42.3,92,100,6.73
175,Lake Cowichan,CA,2022-05-13 22:32:17,48.825,-124.0546,52.72,79,100,2.06
176,Vostok,RU,2022-05-13 22:36:10,46.4856,135.8833,43.56,78,100,5.59
177,Champawat,IN,2022-05-13 22:36:10,29.3333,80.1,61.09,61,0,5.7
178,Skjervoy,NO,2022-05-13 22:36:11,70.0311,20.9714,33.8,78,90,7.11
179,Fukue,JP,2022-05-13 22:36:11,32.6881,128.8419,64.67,67,83,18.54
180,Vernon,CA,2022-05-13 22:36:12,50.2581,-119.2691,59.94,34,99,8.01
181,Ketchikan,US,2022-05-13 22:36:12,55.3422,-131.6461,48.67,71,40,12.66
182,Khunti,IN,2022-05-13 22:36:13,23.0833,85.2833,80.71,62,7,8.93
183,Kruisfontein,ZA,2022-05-13 22:36:13,-34.0033,24.7314,57.88,85,34,8.37
184,Plettenberg Bay,ZA,2022-05-13 22:37:14,-34.0527,23.3716,56.7,80,90,7.52
185,Narsaq,GL,2022-05-13 22:37:15,60.9167,-46.05,39.42,79,83,6.93
186,Praia Da Vitoria,PT,2022-05-13 22:37:15,38.7333,-27.0667,59.25,94,40,0.92
187,Faanui,PF,2022-05-13 22:37:16,-16.4833,-151.75,81.46,71,9,16.71
188,College,US,2022-05-13 22:37:16,64.8569,-147.8028,46.58,69,75,8.05
189,Kotri,PK,2022-05-13 22:37:17,25.366,68.3122,89.47,37,1,14.27
190,Maragogi,BR,2022-05-13 22:37:17,-9.0122,-35.2225,78.73,82,30,5.99
191,Byron Bay,AU,2022-05-13 22:37:18,-28.65,153.6167,67.71,87,100,12.35
192,Iraucuba,BR,2022-05-13 22:37:18,-3.7461,-39.7833,74.75,91,100,3.78
193,Faya,SA,2022-05-13 22:37:19,18.3851,42.4509,68.52,21,10,7.2
194,Lahad Datu,MY,2022-05-13 22:37:19,5.0268,118.327,76.93,91,84,1.97
195,Black Diamond,US,2022-05-13 22:37:20,47.3087,-122.0032,59.7,45,100,4.0
196,Tokonou,GN,2022-05-13 22:37:20,9.65,-9.7833,75.87,78,87,3.91
197,Lebu,CL,2022-05-13 22:37:21,-37.6167,-73.65,51.17,75,79,18.79
198,Poya,NC,2022-05-13 22:37:21,-21.35,165.15,75.09,63,100,9.06
199,Hobyo,SO,2022-05-13 22:37:22,5.3505,48.5268,81.55,79,100,24.45
200,Moron,AR,2022-05-13 22:37:22,-34.6534,-58.6198,62.35,75,100,2.73
201,Cabo San Lucas,MX,2022-05-13 22:32:28,22.8909,-109.9124,86.61,51,40,10.36
202,Mersing,MY,2022-05-13 22:37:23,2.4312,103.8405,78.71,94,40,3.44
203,Soyo,AO,2022-05-13 22:36:26,-6.1349,12.3689,76.6,90,21,7.11
204,Samdari,IN,2022-05-13 22:37:23,25.8167,72.5833,86.58,41,0,5.26
205,Vilhena,BR,2022-05-13 22:37:24,-12.7406,-60.1458,80.82,74,40,4.61
206,Guanica,PR,2022-05-13 22:37:24,17.9716,-66.908,85.1,73,100,15.48
207,Kattivakkam,IN,2022-05-13 22:37:25,13.2167,80.3167,84.29,85,100,10.36
208,Katsuura,JP,2022-05-13 22:37:25,35.1333,140.3,69.82,96,100,24.16
209,Qaanaaq,GL,2022-05-13 22:37:26,77.484,-69.3632,15.8,78,43,3.65
210,Guerrero Negro,MX,2022-05-13 22:36:13,27.9769,-114.0611,74.84,37,47,16.75
211,Hithadhoo,MV,2022-05-13 22:37:26,-0.6,73.0833,82.42,72,100,6.04
212,Kampot,KH,2022-05-13 22:37:27,10.6167,104.1833,82.45,85,100,5.39
213,Herxheim,DE,2022-05-13 22:37:27,49.1472,8.2132,58.93,63,2,3.85
214,Yatou,CN,2022-05-13 22:37:28,37.15,122.3833,55.89,53,57,11.14
215,Sioux Lookout,CA,2022-05-13 22:37:28,50.1001,-91.917,73.47,46,20,11.5
216,Tiksi,RU,2022-05-13 22:37:29,71.6872,128.8694,17.53,87,18,9.95
217,Cap Malheureux,MU,2022-05-13 22:37:29,-19.9842,57.6142,70.47,75,39,3.0
218,Saint-Pierre,RE,2022-05-13 22:37:30,-21.3393,55.4781,69.48,52,0,6.91
219,Latehar,IN,2022-05-13 22:37:30,23.75,84.5,82.0,35,5,6.11
220,Cayenne,GF,2022-05-13 22:37:31,4.9333,-52.3333,80.64,1,100,3.44
221,Road Town,VG,2022-05-13 22:33:21,18.4167,-64.6167,82.49,78,40,12.66
222,Nemuro,JP,2022-05-13 22:37:32,43.3236,145.575,45.86,99,100,26.98
223,Baillif,GP,2022-05-13 22:37:33,16.0202,-61.7463,78.3,75,82,16.2
224,Peachtree City,US,2022-05-13 22:37:33,33.3968,-84.5958,79.48,57,40,5.75
225,Ravar,IR,2022-05-13 22:37:34,31.2656,56.8055,65.91,34,0,7.34
226,Walvis Bay,NA,2022-05-13 22:37:34,-22.9575,14.5053,56.08,87,0,5.75
227,Genhe,CN,2022-05-13 22:37:35,50.7833,121.5167,39.85,70,90,5.12
228,Jalu,LY,2022-05-13 22:37:35,29.0331,21.5482,69.3,50,54,16.44
229,Kaitangata,NZ,2022-05-13 22:37:36,-46.2817,169.8464,54.09,86,83,6.06
230,Castro,BR,2022-05-13 22:37:36,-24.7911,-50.0119,55.78,89,0,3.27
231,Ferkessedougou,CI,2022-05-13 22:37:37,9.6,-5.2,82.22,58,85,7.2
232,Bulaevo,KZ,2022-05-13 22:38:37,54.9056,70.4439,54.28,76,99,7.02
233,Mayumba,GA,2022-05-13 22:38:38,-3.432,10.6554,76.75,94,79,5.95
234,Sola,VU,2022-05-13 22:38:39,-13.8833,167.55,80.22,75,89,22.08
235,Bilma,NE,2022-05-13 22:38:39,18.6853,12.9164,83.8,16,2,16.49
236,Dikson,RU,2022-05-13 22:38:40,73.5069,80.5464,32.81,98,100,16.06
237,Linxia,CN,2022-05-13 22:38:41,35.6003,103.2064,39.16,97,100,2.21
238,Iqaluit,CA,2022-05-13 22:38:41,63.7506,-68.5145,24.53,79,20,16.11
239,Bodaybo,RU,2022-05-13 22:38:42,57.8506,114.1933,42.6,91,100,2.13
240,Cidreira,BR,2022-05-13 22:38:43,-30.1811,-50.2056,63.01,72,74,9.57
241,Port Hueneme,US,2022-05-13 22:34:09,34.1478,-119.1951,94.78,18,0,17.27
242,Camacha,PT,2022-05-13 22:38:43,33.0833,-16.3333,63.82,82,75,4.61
243,Xuanhua,CN,2022-05-13 22:38:44,40.6103,115.0447,51.78,34,34,7.34
244,Pinyug,RU,2022-05-13 22:38:45,60.251,47.7842,38.14,98,47,5.06
245,Lexington Park,US,2022-05-13 22:38:45,38.2668,-76.4538,73.08,90,75,5.75
246,Fortuna,US,2022-05-13 22:38:46,40.5982,-124.1573,63.52,80,100,0.0
247,Muzhi,RU,2022-05-13 22:38:47,65.3667,64.6667,46.54,74,33,2.26
248,Okhotsk,RU,2022-05-13 22:38:48,59.3833,143.3,33.8,96,100,11.97
249,Zonguldak,TR,2022-05-13 22:38:48,41.25,31.8333,53.13,72,75,5.39
250,Batangafo,CF,2022-05-13 22:38:49,7.3008,18.2833,73.2,89,70,3.15
251,Willemstad,CW,2022-05-13 22:35:03,12.1084,-68.9335,84.11,70,20,14.97
252,Teshie,GH,2022-05-13 22:38:49,5.5836,-0.1072,84.76,84,40,11.5
253,Bogandinskiy,RU,2022-05-13 22:38:50,56.8937,65.8938,46.67,76,65,5.21
254,Da Nang,VN,2022-05-13 22:38:51,16.0678,108.2208,80.58,83,75,3.44
255,Victor Harbor,AU,2022-05-13 22:38:52,-35.5667,138.6167,63.68,74,92,16.46
256,Yar-Sale,RU,2022-05-13 22:38:52,66.8333,70.8333,37.38,90,94,10.78
257,Shiyan,CN,2022-05-13 22:38:53,32.6475,110.7781,54.52,84,100,5.57
258,Manggar,ID,2022-05-13 22:38:53,-2.8833,108.2667,80.55,78,96,0.54
259,Aranda De Duero,ES,2022-05-13 22:38:54,41.6704,-3.6892,63.39,54,60,3.53
260,Saint-Joseph,RE,2022-05-13 22:38:55,-21.3667,55.6167,68.38,69,1,7.07
261,Iranshahr,IR,2022-05-13 22:38:55,27.2025,60.6848,82.58,15,0,4.21
262,Puerto Ayacucho,VE,2022-05-13 22:38:57,5.6639,-67.6236,80.49,82,97,4.0
263,Yerbogachen,RU,2022-05-13 22:38:57,61.2767,108.0108,43.61,79,98,4.63
264,Sanchez,DO,2022-05-13 22:38:58,19.2281,-69.6137,83.98,74,75,13.8
265,Karlstad,SE,2022-05-13 22:38:59,59.3793,13.5036,48.76,93,75,10.36
266,Avera,US,2022-05-13 22:37:04,33.194,-82.5271,74.37,66,81,6.49
267,Chisec,GT,2022-05-13 22:39:02,15.8167,-90.2833,86.23,40,54,2.66
268,San Ignacio,BZ,2022-05-13 22:39:03,17.1561,-89.0714,95.14,36,20,0.0
269,Namatanai,PG,2022-05-13 22:39:03,-3.6667,152.4333,83.59,67,71,6.22
270,Zverinogolovskoye,RU,2022-05-13 22:39:04,54.4586,64.8542,54.16,81,100,18.16
271,Mahebourg,MU,2022-05-13 22:39:04,-20.4081,57.7,70.25,83,40,3.44
272,Peterhead,GB,2022-05-13 22:39:05,57.5058,-1.7981,54.0,87,64,7.94
273,Tasiilaq,GL,2022-05-13 22:39:06,65.6145,-37.6368,28.56,72,29,2.08
274,Vestmannaeyjar,IS,2022-05-13 22:39:07,63.4427,-20.2734,42.49,57,100,2.75
275,Nador,MA,2022-05-13 22:39:07,35.174,-2.9287,64.65,88,20,1.14
276,Enshi,CN,2022-05-13 22:39:08,30.3,109.4833,58.44,94,100,5.12
277,Salalah,OM,2022-05-13 22:39:09,17.0151,54.0924,84.29,51,0,4.61
278,Fort-Shevchenko,KZ,2022-05-13 22:39:09,44.5086,50.263,58.75,70,5,16.96
279,Challans,FR,2022-05-13 22:40:10,46.8436,-1.8749,59.92,80,75,8.63
280,Kantemirovka,RU,2022-05-13 22:40:11,49.7089,39.8592,49.51,80,79,6.69
281,Buin,CL,2022-05-13 22:40:11,-33.7333,-70.75,68.32,49,0,2.66
282,Ribeira Grande,PT,2022-05-13 22:40:12,38.5167,-28.7,60.75,73,96,4.97
283,Hitoyoshi,JP,2022-05-13 22:40:13,32.2167,130.75,67.82,96,100,4.56
284,Trelew,AR,2022-05-13 22:40:13,-43.249,-65.3051,52.02,40,13,15.23
285,Sumbe,AO,2022-05-13 22:40:14,-11.2061,13.8437,75.02,90,12,6.26
286,Lavrentiya,RU,2022-05-13 22:40:15,65.5833,-171.0,30.49,81,4,4.94
287,Torit,SS,2022-05-13 22:40:16,4.4133,32.5678,76.05,59,65,3.47
288,Amapa,BR,2022-05-13 22:40:16,1.0,-52.0,73.2,99,91,2.57
289,Shimoda,JP,2022-05-13 22:40:17,34.6667,138.95,69.1,97,100,25.14
290,Gazanjyk,TM,2022-05-13 22:40:18,39.2446,55.5154,66.13,61,96,8.97
291,Dhar,IN,2022-05-13 22:38:46,22.6,75.3,79.88,60,7,14.65
292,Hambantota,LK,2022-05-13 22:40:18,6.1241,81.1185,79.43,87,99,17.16
293,Tuy Hoa,VN,2022-05-13 22:40:19,13.0833,109.3,79.0,87,99,4.59
294,Katherine,AU,2022-05-13 22:40:20,-14.4667,132.2667,70.12,73,84,3.44
295,Kodinsk,RU,2022-05-13 22:40:21,58.6881,99.1844,52.12,49,89,0.09
296,Ukiah,US,2022-05-13 22:35:55,39.1502,-123.2078,76.44,51,75,9.22
297,Kloulklubed,PW,2022-05-13 22:40:21,7.0419,134.2556,75.7,75,100,9.01
298,Alice Springs,AU,2022-05-13 22:39:18,-23.7,133.8833,69.22,32,65,0.0
299,Vila Do Maio,CV,2022-05-13 22:40:22,15.1333,-23.2167,79.59,85,20,16.08
300,North Bend,US,2022-05-13 22:40:23,43.4065,-124.2243,56.25,100,100,4.61
301,Mizan Teferi,ET,2022-05-13 22:40:24,6.9833,35.5833,62.01,90,73,3.36
302,Hammerfest,NO,2022-05-13 22:40:25,70.6634,23.6821,34.25,75,40,4.61
303,Spring Hill,US,2022-05-13 22:40:25,28.4769,-82.5255,83.17,56,40,9.22
304,Ambilobe,MG,2022-05-13 22:40:26,-13.2,49.05,69.44,89,1,3.69
305,Cravo Norte,CO,2022-05-13 22:40:27,6.3017,-70.2041,82.09,71,98,5.01
306,Naze,JP,2022-05-13 22:40:27,28.3667,129.4833,70.72,88,100,12.37
307,Kununurra,AU,2022-05-13 22:40:30,-15.7667,128.7333,67.98,94,14,0.0
308,Tijucas,BR,2022-05-13 22:40:31,-27.2414,-48.6336,68.02,85,21,2.89
309,Beausejour,CA,2022-05-13 22:40:32,50.0622,-96.5167,56.97,75,88,27.31
310,Madang,PG,2022-05-13 22:40:33,-5.2246,145.7966,82.98,74,32,0.31
311,Haapiti,PF,2022-05-13 22:40:34,-17.5667,-149.8667,83.93,71,5,17.56
312,Isiro,CD,2022-05-13 22:40:34,2.7739,27.616,66.2,99,94,2.33
313,Panama City,PA,2022-05-13 22:37:21,8.9936,-79.5197,87.75,69,40,11.5
314,Onega,RU,2022-05-13 22:40:35,63.9061,38.1404,43.72,94,100,1.83
315,Tigil,RU,2022-05-13 22:40:36,57.8,158.6667,43.12,88,100,5.01
316,Norman Wells,CA,2022-05-13 22:40:37,65.282,-126.8329,62.64,22,75,5.75
317,Vanimo,PG,2022-05-13 22:40:37,-2.6741,141.3028,82.54,75,56,5.12
318,Kavieng,PG,2022-05-13 22:40:38,-2.5744,150.7967,84.22,67,64,10.71
319,Pangnirtung,CA,2022-05-13 22:40:40,66.1451,-65.7125,21.2,73,20,9.22
320,Durazno,UY,2022-05-13 22:40:41,-33.4131,-56.5006,57.15,82,0,0.0
321,Clyde River,CA,2022-05-13 22:40:42,70.4692,-68.5914,21.43,86,20,19.57
322,Sari,IR,2022-05-13 22:40:42,36.5633,53.0601,55.6,89,100,3.33
323,Maceio,BR,2022-05-13 22:39:17,-9.6658,-35.7353,78.24,88,40,2.3
324,Makasar,ID,2022-05-13 22:41:43,-5.14,119.4221,75.25,94,20,2.3
325,Te Anau,NZ,2022-05-13 22:41:43,-45.4167,167.7167,53.91,92,100,1.72
326,Carnarvon,AU,2022-05-13 22:41:44,-24.8667,113.6333,62.98,63,0,18.54
327,Mitu,CO,2022-05-13 22:41:44,1.1983,-70.1733,75.04,97,81,1.5
328,Jalostotitlan,MX,2022-05-13 22:41:45,21.2,-102.4667,90.46,11,58,3.69
329,Dekar,BW,2022-05-13 22:41:46,-21.5333,21.9333,63.68,30,0,5.95
330,Scarborough,GB,2022-05-13 22:41:09,54.2797,-0.4044,54.97,81,44,7.83
331,Carmen,MX,2022-05-13 22:41:47,18.6333,-91.8333,86.04,62,40,16.11
332,Tonala,MX,2022-05-13 22:41:47,20.6167,-103.2333,93.31,20,100,6.06
333,Cardoso,BR,2022-05-13 22:41:48,-20.0819,-49.9142,71.91,57,0,7.67
334,Astoria,US,2022-05-13 22:40:36,46.1879,-123.8313,55.29,66,100,5.75
335,Nouadhibou,MR,2022-05-13 22:41:48,20.931,-17.0347,73.38,68,99,20.71
336,Laguna,US,2022-05-13 22:41:49,38.421,-121.4238,84.49,32,0,9.22
337,Umm Lajj,SA,2022-05-13 22:41:49,25.0213,37.2685,85.1,49,0,4.36
338,Kosa,RU,2022-05-13 22:41:50,59.9445,54.9977,45.14,95,99,4.27
339,Lhokseumawe,ID,2022-05-13 22:41:51,5.1801,97.1507,78.58,90,100,5.14
340,Mount Isa,AU,2022-05-13 22:41:51,-20.7333,139.5,56.97,100,0,0.0
341,Kenai,US,2022-05-13 22:41:51,60.5544,-151.2583,49.03,54,75,13.8
342,Meulaboh,ID,2022-05-13 22:41:52,4.1363,96.1285,77.49,88,74,2.55
343,Sungairaya,ID,2022-05-13 22:41:52,0.7,108.9,78.39,81,100,3.69
344,Chute-Aux-Outardes,CA,2022-05-13 22:41:53,49.1168,-68.399,48.18,87,100,4.61
345,Mount Gambier,AU,2022-05-13 22:41:53,-37.8333,140.7667,58.91,88,100,19.57
346,Boralday,KZ,2022-05-13 22:41:54,43.3578,76.8594,60.66,82,100,6.71
347,Serowe,BW,2022-05-13 22:41:54,-22.3833,26.7167,60.3,49,23,3.29
348,Lompoc,US,2022-05-13 22:41:55,34.6391,-120.4579,88.79,50,0,26.46
349,Pahrump,US,2022-05-13 22:41:55,36.2083,-115.9839,86.52,7,0,4.0
350,Saint George,US,2022-05-13 22:40:25,37.1041,-113.5841,89.64,8,0,5.99
351,Cam Ranh,VN,2022-05-13 22:41:56,11.9214,109.1591,78.76,94,40,0.0
352,Luderitz,NA,2022-05-13 22:41:56,-26.6481,15.1594,56.35,61,98,10.27
353,Canyon,US,2022-05-13 22:41:57,34.9803,-101.9188,89.53,11,1,3.74
354,Lagoa,PT,2022-05-13 22:41:57,39.05,-27.9833,59.02,80,100,1.83
355,Sauda,NO,2022-05-13 22:41:58,59.6506,6.3542,48.69,95,100,9.69
356,Pailon,BO,2022-05-13 22:42:00,-17.65,-62.75,82.08,49,6,10.47
357,Humberto De Campos,BR,2022-05-13 22:42:00,-2.5983,-43.4611,76.1,94,42,5.86
358,Rio Gallegos,AR,2022-05-13 22:42:01,-51.6226,-69.2181,42.85,81,75,8.05
359,Ust-Kuyga,RU,2022-05-13 22:42:01,70.0167,135.6,16.45,81,24,3.94
360,Nabire,ID,2022-05-13 22:42:02,-3.3667,135.4833,80.91,83,75,1.16
361,Uncia,BO,2022-05-13 22:42:02,-18.467,-66.5685,49.32,22,33,10.0
362,Chamba,IN,2022-05-13 22:42:03,32.5667,76.1333,73.65,34,0,10.87
363,Mareeba,AU,2022-05-13 22:42:03,-17.0,145.4333,74.44,86,1,0.43
364,Jacmel,HT,2022-05-13 22:42:04,18.2342,-72.5347,82.24,79,100,6.33
365,Beloha,MG,2022-05-13 22:42:04,-25.1667,45.05,64.13,90,0,8.59
366,La Libertad,EC,2022-05-13 22:42:05,-2.2333,-80.9,76.66,78,75,12.66
367,Boshnyakovo,RU,2022-05-13 22:43:06,49.6333,142.1667,42.42,86,100,4.59
368,Sarkand,KZ,2022-05-13 22:43:06,45.41,79.9186,60.42,45,61,7.07
369,Lesnoye,RU,2022-05-13 22:43:07,58.2841,35.5158,45.84,76,18,12.41
370,Kuroiso,JP,2022-05-13 22:43:07,36.9667,140.05,65.23,99,100,1.72
371,Dicabisagan,PH,2022-05-13 22:43:08,17.0818,122.4157,82.35,80,67,6.89
372,Mamallapuram,IN,2022-05-13 22:39:12,12.6264,80.1722,84.25,78,100,11.1
373,Lages,BR,2022-05-13 22:43:09,-27.8161,-50.3261,50.65,97,11,3.04
374,Olafsvik,IS,2022-05-13 22:43:09,64.8945,-23.7142,34.0,69,69,16.64
375,Ayorou,NE,2022-05-13 22:43:10,14.7308,0.9174,95.83,15,5,9.19
376,Yumen,CN,2022-05-13 22:43:10,40.2833,97.2,42.85,63,0,6.13
377,Constitucion,CL,2022-05-13 22:43:11,-35.3333,-72.4167,53.01,69,42,10.0
378,Corn Island,NI,2022-05-13 22:43:11,12.1694,-83.0418,82.2,78,99,17.25
379,Monte Carmelo,BR,2022-05-13 22:43:12,-18.7247,-47.4986,72.57,53,96,3.89
380,Nakamura,JP,2022-05-13 22:43:12,32.9833,132.9333,66.4,92,100,6.96
381,Lira,UG,2022-05-13 22:39:16,2.235,32.9097,70.2,78,94,4.76
382,Vardo,NO,2022-05-13 22:42:54,70.3705,31.1107,31.98,86,100,10.36
383,Bocana De Paiwas,NI,2022-05-13 22:43:13,12.7857,-85.1227,85.53,55,39,13.31
384,Caravelas,BR,2022-05-13 22:43:13,-17.7125,-39.2481,75.18,80,28,6.98
385,Santa Vitoria Do Palmar,BR,2022-05-13 22:43:14,-33.5189,-53.3681,56.97,77,97,6.11
386,Noumea,NC,2022-05-13 22:43:14,-22.2763,166.4572,80.58,99,100,15.68
387,Redmond,US,2022-05-13 22:41:57,47.674,-122.1215,61.32,47,100,3.0
388,Pacific Grove,US,2022-05-13 22:38:21,36.6177,-121.9166,75.15,72,0,11.5
389,Whitehorse,CA,2022-05-13 22:43:15,60.7161,-135.0538,52.57,24,40,6.91
390,Yaan,NG,2022-05-13 22:43:15,7.3833,8.5667,78.21,83,45,9.46
391,Bo Rai,TH,2022-05-13 22:43:16,12.5728,102.5371,83.77,95,100,1.41
392,Kavaratti,IN,2022-05-13 22:43:17,10.5669,72.642,84.36,76,68,15.23
393,Gamba,GA,2022-05-13 22:43:17,-2.65,10.0,77.04,94,100,5.73
394,Agadir,MA,2022-05-13 22:43:18,30.4202,-9.5982,66.65,69,57,3.13
395,Mrakovo,RU,2022-05-13 22:43:18,52.7161,56.6244,46.8,97,97,8.41
396,Roma,US,2022-05-13 22:39:47,43.2128,-75.4557,84.34,42,0,11.5
397,Canillo,AD,2022-05-13 22:43:19,42.5833,1.6667,49.06,87,78,0.6
398,Jogindarnagar,IN,2022-05-13 22:43:19,31.9833,76.7667,74.37,30,0,10.16
399,Itoman,JP,2022-05-13 22:43:20,26.1247,127.6694,75.58,96,75,14.97
400,Bainbridge,US,2022-05-13 22:40:40,47.6262,-122.5212,61.02,49,40,5.75
401,Port Townsend,US,2022-05-13 22:43:21,48.117,-122.7605,59.86,55,0,15.99
402,Yinchuan,CN,2022-05-13 22:43:21,38.4681,106.2731,53.73,15,98,1.9
403,Orlovskiy,RU,2022-05-13 22:43:21,46.8714,42.0592,52.41,76,76,8.68
404,La Ronge,CA,2022-05-13 22:40:42,55.1001,-105.2842,44.85,49,100,12.66
405,Malakal,SS,2022-05-13 22:43:22,9.5334,31.6605,84.96,53,63,7.05
406,Bonthe,SL,2022-05-13 22:43:03,7.5264,-12.505,80.38,88,82,3.89
407,Constantine,DZ,2022-05-13 22:43:23,36.365,6.6147,62.01,59,0,4.61
408,Sunzha,RU,2022-05-13 22:43:23,43.3211,45.0522,50.14,67,0,3.87
409,Urengoy,RU,2022-05-13 22:43:24,65.9667,78.3667,41.7,96,100,4.5
410,Kisangani,CD,2022-05-13 22:43:24,0.5167,25.2,71.35,88,54,1.1
411,Zeya,RU,2022-05-13 22:44:25,53.75,127.2667,42.78,83,100,2.04
412,Khurba,RU,2022-05-13 22:44:25,50.4072,136.8819,50.56,50,48,3.83
413,Ust-Nera,RU,2022-05-13 22:44:26,64.5667,143.2,35.65,90,100,3.42
414,Beberibe,BR,2022-05-13 22:44:26,-4.1797,-38.1306,78.28,90,94,11.36
415,Waingapu,ID,2022-05-13 22:44:27,-9.6567,120.2641,78.31,82,27,3.51
416,Moindou,NC,2022-05-13 22:44:27,-21.6924,165.677,74.57,61,100,10.13
417,Houma,US,2022-05-13 22:41:04,29.5958,-90.7195,75.99,87,92,14.0
418,Hargeysa,SO,2022-05-13 22:44:28,9.56,44.065,74.97,24,17,6.08
419,Worland,US,2022-05-13 22:44:28,44.0169,-107.9554,65.61,25,75,17.27
420,Krasnoselkup,RU,2022-05-13 22:44:29,65.7,82.4667,40.08,94,13,5.08
421,Usinsk,RU,2022-05-13 22:44:29,65.9939,57.5281,46.17,81,70,8.79
422,Tecoanapa,MX,2022-05-13 22:44:30,16.5167,-98.75,87.37,61,100,10.76
423,Brigantine,US,2022-05-13 22:44:30,39.4101,-74.3646,70.03,93,100,6.91
424,Nokaneng,BW,2022-05-13 22:44:31,-19.6667,22.2667,62.67,26,0,4.16
425,Bairiki,KI,2022-05-13 22:44:31,1.3292,172.9752,86.0,70,75,0.0
426,Vanavara,RU,2022-05-13 22:44:32,60.34,102.2797,49.98,73,100,0.69
427,Petropavlovsk-Kamchatskiy,RU,2022-05-13 22:44:32,53.0452,158.6483,39.79,100,100,11.18
428,Rogozno,PL,2022-05-13 22:44:33,52.7523,16.9905,53.98,88,66,8.66
429,Geraldton,AU,2022-05-13 22:44:33,-28.7667,114.6,61.21,77,100,8.05
430,Ballitoville,ZA,2022-05-13 22:44:34,-29.539,31.2144,66.24,94,40,2.3
431,Pilar,BR,2022-05-13 22:44:35,-9.5972,-35.9567,76.93,91,26,2.55
432,San Rafael,AR,2022-05-13 22:40:46,-34.6177,-68.3301,51.64,66,67,3.09
433,Alto Araguaia,BR,2022-05-13 22:44:36,-17.3147,-53.2153,75.24,57,56,2.57
434,Fairbanks,US,2022-05-13 22:40:51,64.8378,-147.7164,46.6,68,75,8.05
435,Ngama,TD,2022-05-13 22:44:36,11.7833,17.1667,87.8,45,67,8.59
436,Idlib,SY,2022-05-13 22:44:37,35.9306,36.6339,64.63,46,90,1.68
437,Anadyr,RU,2022-05-13 22:44:38,64.75,177.4833,45.1,61,0,13.42
438,Lugovoy,KZ,2022-05-13 22:44:38,42.9472,72.7644,55.26,83,51,4.92
439,Usogorsk,RU,2022-05-13 22:44:39,63.4106,48.6872,44.31,93,51,3.02
440,Banepa,NP,2022-05-13 22:44:39,27.6298,85.5214,64.72,94,75,2.3
441,Shanghai,CN,2022-05-13 22:42:51,31.2222,121.4581,61.93,85,0,2.24
442,Dingle,PH,2022-05-13 22:44:40,10.9995,122.6711,80.29,81,95,0.74
443,Nakusp,CA,2022-05-13 22:44:40,50.2499,-117.8023,48.54,71,98,2.3
444,Sobolevo,RU,2022-05-13 22:44:41,54.4299,31.8996,44.02,87,87,7.27
445,Clinton,US,2022-05-13 22:42:36,42.587,-82.9199,83.66,54,40,11.5
446,Touros,BR,2022-05-13 22:40:37,-5.1989,-35.4608,78.87,83,88,10.09
447,Albenga,IT,2022-05-13 22:44:41,44.0529,8.216,69.3,89,80,3.0
448,Paka,MY,2022-05-13 22:44:42,4.6374,103.4368,78.73,94,99,0.0
449,Tromso,NO,2022-05-13 22:44:42,69.6496,18.957,37.42,81,75,5.75
450,Saldanha,ZA,2022-05-13 22:44:43,-33.0117,17.9442,50.05,68,85,4.05
451,Feijo,BR,2022-05-13 22:44:43,-8.1642,-70.3536,74.98,91,75,0.85
452,San Luis,AR,2022-05-13 22:41:29,-33.295,-66.3356,56.17,78,87,8.95
453,Devils Lake,US,2022-05-13 22:44:44,48.1128,-98.8651,55.38,61,100,37.98
454,San Policarpo,PH,2022-05-13 22:44:44,12.1791,125.5072,82.04,81,100,7.14
455,Ascoli Piceno,IT,2022-05-13 22:44:45,42.8548,13.5749,62.02,70,19,6.67
456,Coahuayana,MX,2022-05-13 22:44:45,18.7333,-103.6833,88.56,47,100,7.94
457,Qaqortoq,GL,2022-05-13 22:44:46,60.7167,-46.0333,30.52,80,67,11.43
458,Kamalapuram,IN,2022-05-13 22:41:41,14.5833,78.65,83.57,71,95,6.73
459,Mayo,US,2022-05-13 22:45:47,38.8876,-76.5119,74.12,87,75,6.91
460,Jizan,SA,2022-05-13 22:45:46,17.3333,42.6667,85.14,51,93,2.35
461,Nara,JP,2022-05-13 22:45:43,34.6851,135.8049,67.5,98,100,4.12
462,San Quintin,MX,2022-05-13 22:45:47,30.4833,-115.95,70.09,53,50,13.18
463,Gambela,ET,2022-05-13 22:45:48,8.25,34.5833,78.85,62,74,4.32
464,Bacolod,PH,2022-05-13 22:42:26,10.6667,122.95,81.63,79,95,1.68
465,Mackay,AU,2022-05-13 22:45:48,-21.15,149.2,75.69,82,7,3.69
466,Andros,GR,2022-05-13 22:45:49,37.8333,24.9333,63.16,69,6,7.36
467,Lewiston,US,2022-05-13 22:45:49,44.1003,-70.2148,80.92,68,20,10.36
468,Isangel,VU,2022-05-13 22:45:50,-19.55,169.2667,77.14,58,97,14.32
469,Riverside,US,2022-05-13 22:45:50,33.7333,-116.0508,93.27,7,0,4.61
470,Chapleau,CA,2022-05-13 22:45:10,47.8405,-83.4034,87.89,20,40,11.5
471,Berlevag,NO,2022-05-13 22:45:51,70.8578,29.0864,35.55,75,100,16.11
472,Hudson Bay,CA,2022-05-13 22:45:51,52.85,-102.3842,40.71,96,100,18.9
473,Richards Bay,ZA,2022-05-13 22:45:16,-28.783,32.0377,65.68,91,29,3.89
474,Jutai,BR,2022-05-13 22:45:52,-5.1833,-68.9,74.77,97,32,1.59
475,Verkhoyansk,RU,2022-05-13 22:45:53,67.5447,133.385,25.97,57,100,9.62
476,Wagar,SD,2022-05-13 22:45:53,16.1525,36.2032,90.27,20,1,9.28
477,Acheng,CN,2022-05-13 22:45:53,45.5454,126.977,49.08,61,100,4.9
478,Liyang,CN,2022-05-13 22:45:54,29.7057,118.2862,60.94,89,13,3.18
479,Axim,GH,2022-05-13 22:45:54,4.8699,-2.2405,81.0,86,94,8.72
480,Businga,CD,2022-05-13 22:45:55,3.3333,20.8833,71.1,97,99,1.3
481,Ndele,CF,2022-05-13 22:45:55,8.4109,20.6473,77.85,71,72,5.1
482,Paita,PE,2022-05-13 22:44:51,-5.0892,-81.1144,68.2,80,74,15.39
483,Srednekolymsk,RU,2022-05-13 22:45:56,67.45,153.6833,40.26,74,76,5.23
484,Swellendam,ZA,2022-05-13 22:45:56,-34.0226,20.4417,52.32,76,37,2.21
485,Nogales,MX,2022-05-13 22:45:32,31.3086,-110.9422,90.97,1,0,5.75
486,Ijuin,JP,2022-05-13 22:45:57,31.6167,130.4,68.11,91,100,9.78
487,Ankazobe,MG,2022-05-13 22:45:58,-18.3167,47.1167,56.12,91,26,4.16
488,Kurumkan,RU,2022-05-13 22:45:58,54.3,110.3,47.71,57,87,1.45
489,Rodrigues Alves,BR,2022-05-13 22:45:59,-7.738,-72.6509,84.4,85,38,0.58
490,Nyagan,RU,2022-05-13 22:45:59,62.1406,65.3936,51.31,69,100,8.48
491,Grand-Lahou,CI,2022-05-13 22:46:00,5.1367,-5.0242,81.86,83,90,11.25
492,Saint Pete Beach,US,2022-05-13 22:46:00,27.7253,-82.7412,83.28,57,75,4.61
493,Berbera,SO,2022-05-13 22:46:01,10.4396,45.0143,86.32,53,11,3.06
494,The Valley,AI,2022-05-13 22:44:44,18.217,-63.0578,82.54,74,40,16.11
495,Oriximina,BR,2022-05-13 22:46:01,-1.7656,-55.8661,76.84,92,100,2.26
496,Ust-Maya,RU,2022-05-13 22:46:02,60.4167,134.5333,37.29,87,100,8.08
497,Sorland,NO,2022-05-13 22:46:02,67.667,12.6934,44.46,86,100,25.43
498,Goundam,ML,2022-05-13 22:46:03,16.4145,-3.6708,91.98,9,97,17.38
499,Jilin,CN,2022-05-13 22:46:03,43.0,126.0,42.87,71,29,12.5
500,Bourail,NC,2022-05-13 22:46:03,-21.5667,165.4833,74.55,63,100,12.03
501,Colares,PT,2022-05-13 22:46:04,38.7992,-9.4469,74.39,70,100,5.01
502,Dawei,MM,2022-05-13 22:46:05,14.0833,98.2,75.83,93,47,3.22
503,Durres,AL,2022-05-13 22:46:05,41.3231,19.4414,64.58,76,27,6.08
504,Yelizovo,RU,2022-05-13 22:46:06,53.1873,158.3805,42.94,100,100,11.01
505,Lakes Entrance,AU,2022-05-13 22:46:07,-37.8811,147.981,62.58,87,100,4.16
506,Erdenet,MN,2022-05-13 22:46:07,49.0333,104.0833,42.03,44,13,2.19
507,Cherlak,RU,2022-05-13 22:47:08,54.155,74.8055,58.89,40,97,4.27
508,Hervey Bay,AU,2022-05-13 22:47:08,-25.2986,152.8535,72.01,98,61,13.0
509,Hasaki,JP,2022-05-13 22:47:09,35.7333,140.8333,68.4,91,100,26.17
510,Sao Jose Da Coroa Grande,BR,2022-05-13 22:47:09,-8.8978,-35.1478,79.09,81,42,6.49
511,Southbridge,US,2022-05-13 22:47:10,42.0751,-72.0334,80.71,71,25,5.99
512,Port Lincoln,AU,2022-05-13 22:47:10,-34.7333,135.8667,63.59,72,33,19.17
513,Tomatlan,MX,2022-05-13 22:47:11,19.9333,-105.25,88.75,42,100,10.65
514,Saint Anthony,US,2022-05-13 22:47:11,45.0205,-93.218,77.04,42,0,13.8
515,Omsukchan,RU,2022-05-13 22:47:12,62.5333,155.8,33.84,81,92,10.31
516,Lundazi,ZM,2022-05-13 22:47:12,-12.2929,33.1782,57.07,78,0,4.7
517,Colac,AU,2022-05-13 22:47:13,-38.3333,143.5833,59.16,78,100,11.56
518,Ous,RU,2022-05-13 22:47:13,60.9058,61.5186,51.3,66,100,8.01
519,Bouar,CF,2022-05-13 22:47:14,5.934,15.596,67.44,90,84,1.01
520,Semnan,IR,2022-05-13 22:47:14,35.5729,53.3971,58.84,36,75,6.91
521,Weligama,LK,2022-05-13 22:47:15,5.9667,80.4167,79.11,88,100,13.38
522,Altay,CN,2022-05-13 22:47:15,47.8667,88.1167,53.47,34,2,9.24
523,Aklavik,CA,2022-05-13 22:47:16,68.2191,-135.0107,30.2,80,100,17.27
524,Grootfontein,NA,2022-05-13 22:47:16,-19.5667,18.1167,51.37,50,0,3.44
525,Dunedin,NZ,2022-05-13 22:47:17,-45.8742,170.5036,53.8,89,100,1.99
526,Victoria,HK,2022-05-13 22:46:33,22.2855,114.1577,77.95,96,92,4.16
527,Lasa,IT,2022-05-13 22:47:18,46.6166,10.7002,63.48,93,87,3.74
528,Savino,RU,2022-05-13 22:47:18,56.5929,41.2181,46.94,81,13,13.51
529,Uyskoye,RU,2022-05-13 22:47:19,54.3775,60.0047,46.26,92,100,2.77
530,Akom,CM,2022-05-13 22:47:19,2.6678,12.7109,68.47,98,12,2.57
531,Magadan,RU,2022-05-13 22:47:20,59.5667,150.8,34.54,100,100,5.86
532,Kirovskiy,RU,2022-05-13 22:47:20,45.0917,133.5136,52.92,66,100,5.28
533,Batsfjord,NO,2022-05-13 22:47:20,70.6345,29.7185,35.53,75,100,8.05
534,Changli,CN,2022-05-13 22:47:21,39.7042,119.1506,56.41,31,3,5.86
535,Tautira,PF,2022-05-13 22:47:21,-17.7333,-149.15,80.74,73,45,17.78
536,Calabozo,VE,2022-05-13 22:47:22,8.9242,-67.4293,86.85,50,98,4.68
537,Cartagena Del Chaira,CO,2022-05-13 22:47:23,1.3349,-74.8429,74.8,91,80,2.98
538,Kollam,IN,2022-05-13 22:45:39,8.8833,76.6,79.7,82,94,7.85
539,Bongandanga,CD,2022-05-13 22:47:23,1.5,21.05,72.63,85,94,0.31
540,Karratha,AU,2022-05-13 22:42:27,-20.7377,116.8463,73.02,73,0,8.7
541,San Vicente,AR,2022-05-13 22:47:24,-26.6167,-54.1333,57.18,91,51,2.46
542,Grand Island,US,2022-05-13 22:45:50,40.925,-98.342,79.23,25,0,8.05
543,Mafinga,TZ,2022-05-13 22:47:24,-7.25,35.0667,65.46,79,68,3.44
544,Gorom-Gorom,BF,2022-05-13 22:47:25,14.4439,-0.2361,93.65,12,21,4.68
545,Huayang,CN,2022-05-13 22:47:25,34.4155,109.9939,38.71,83,100,4.63
546,Chicama,PE,2022-05-13 22:47:26,-7.8447,-79.1469,61.34,76,47,7.02
547,Tarrega,ES,2022-05-13 22:47:26,41.647,1.1396,62.58,68,2,5.32
548,Pasni,PK,2022-05-13 22:44:38,25.2631,63.471,82.13,76,0,14.32
549,Rovaniemi,FI,2022-05-13 22:47:27,66.5,25.7167,44.01,87,0,3.44
550,Newcastleton,GB,2022-05-13 22:47:28,55.1796,-2.8127,50.34,89,100,6.38
551,Itarema,BR,2022-05-13 22:47:28,-2.9248,-39.9167,78.06,87,100,12.41
552,Sabha,LY,2022-05-13 22:47:29,27.0377,14.4283,67.44,35,0,10.89
553,Havoysund,NO,2022-05-13 22:47:29,70.9963,24.6622,34.03,80,99,12.3
554,Maxixe,MZ,2022-05-13 22:48:30,-23.8597,35.3472,68.49,80,0,4.97
555,Newport,GB,2022-05-13 22:48:24,51.5877,-2.9984,55.26,85,21,10.2
556,Waipawa,NZ,2022-05-13 22:48:30,-41.4122,175.5153,58.75,62,92,8.39
557,Bonavista,CA,2022-05-13 22:48:31,48.6499,-53.1147,36.0,80,86,5.7
558,Kang,BW,2022-05-13 22:48:31,-23.6752,22.7876,61.84,32,22,2.98
559,Chitungwiza,ZW,2022-05-13 22:48:32,-18.0127,31.0756,53.15,57,0,5.35
560,Zyryanka,RU,2022-05-13 22:48:32,65.75,150.85,35.74,82,95,12.24
561,Daoukro,CI,2022-05-13 22:48:33,7.0591,-3.9631,76.06,94,60,3.67
562,Kashary,RU,2022-05-13 22:48:33,49.04,41.0056,51.46,76,70,5.91
563,Damghan,IR,2022-05-13 22:48:34,36.1683,54.348,54.5,55,100,8.41
564,Chabahar,IR,2022-05-13 22:48:34,25.2919,60.643,82.71,69,6,6.8
565,Carlisle,US,2022-05-13 22:44:11,40.2015,-77.1889,75.24,77,88,1.01
566,Yaguaron,PY,2022-05-13 22:48:35,-25.6,-57.3,71.55,81,65,4.99
567,Tommot,RU,2022-05-13 22:48:35,58.9564,126.2925,37.15,98,100,9.15
568,Horodnytsya,UA,2022-05-13 22:48:36,50.807,27.3168,52.5,94,97,5.35
569,Majene,ID,2022-05-13 22:48:36,-3.5403,118.9707,78.91,87,100,4.94
570,Timbiqui,CO,2022-05-13 22:48:37,2.7717,-77.6654,77.32,93,99,2.64
571,Awjilah,LY,2022-05-13 22:48:37,29.1081,21.2869,67.86,54,38,15.32
572,Benguela,AO,2022-05-13 22:48:38,-12.5763,13.4055,72.95,86,3,2.1
573,Nagato,JP,2022-05-13 22:48:38,34.3833,131.2,63.19,84,98,10.45
574,Hashtrud,IR,2022-05-13 22:48:39,37.4779,47.0508,41.54,80,1,2.53
575,Fernie,CA,2022-05-13 22:48:39,49.5,-115.0687,48.29,51,100,8.68
576,Broken Hill,AU,2022-05-13 22:48:40,-31.95,141.4333,62.13,63,84,13.58
577,Copacabana,CO,2022-05-13 22:48:40,6.3463,-75.5089,77.34,61,75,5.75
578,Komsomolskiy,UZ,2022-05-13 22:48:41,40.4272,71.7189,65.12,63,93,2.3
579,Sorong,ID,2022-05-13 22:48:41,-0.8833,131.25,78.13,91,100,4.74
580,Alofi,NU,2022-05-13 22:48:42,-19.0595,-169.9187,78.69,53,100,12.66
581,Puerto Carreno,CO,2022-05-13 22:48:42,6.189,-67.4859,84.18,79,100,3.44
582,Haines Junction,CA,2022-05-13 22:48:43,60.7522,-137.5108,41.67,60,100,6.38
583,Thongwa,MM,2022-05-13 22:48:44,16.7619,96.5278,78.96,84,94,4.63
